[
    {
        "section": "Minecraft",
        "titles": [
            {
                "title": "Original Creator",
                "names": [
                    "XIII"
                ]
            },
            {
                "title": "Molodetz ",
                "names": [
                    "Сос мыслом"
                ]
            },
            {
                "title": "Do you feel it?",
                "names": [
                    "..."
                ]
            },
            {
                "title": "Global disappointment",
                "names": [
                    "Sashanepedofil"
                ]
            },
            {
                "title": "Big Dick??",
                "names": [
                    "XIII"
                ]
            },
            {
                "title": "§7SQUAD",
                "names": [
                    "§0          XIII"

                    "§n§d        Hopefullight"
                    "§b          baroviha"
                    "§6          EMPTY"
                    "§b          Cantik"
                    "§7          Sashanepedofil"
                    "§e          Жора"
                    "§f          Vitya2018"
                    "§f          Kpacopeta"
                    "§a          thank you"
                    "§4                                             ...1000-7?"
                ]
            }
        
        ]
    }
    
]